Game_ID,BGG_Rank,Game_Name,Length,Width,Height,Pounds,Ounces,Ounces,Retail,Wholesale,M1,M2,M3,M4,M5,M6,M7,M8,S1,S2,S3,S4,S5,S6,S7,S8,T1,T2,T3,T4,Complexity,BGG_Rating,Economist,General,Puzzle_Solver,Collector,Casual,Gambler,Culturalist,Economist_Mechanic_Match_1,Economist_Mechanic_Match_2,Economist_Mechanic_Match_3,Economist_Mechanic_Match_4,Economist_Mechanic_Match_5,Economist_Mechanic_Match_6,Economist_Mechanic_Match_7,Economist_Mechanic_Match_8,Economist_Mechanic_Match_9,Economist Match Total,Economist_Style_Match_1,Economist_Style_Match_2,Economist_Style_Match_3,Economist_Style_Match_4,Economist_Style_Match_5,Economist_Style_Match_6,Economist_Style_Match_7,Economist_Style_Match_8,Economist_Style_Match_Total
205059,23,Mansions of Madness: Second Edition,,,,,,0,,,Area Movement,Co-operative Play,Dice Rolling,Hand Management,Modular Board,Partnerships,Pick-up and Deliver,Role Playing,Adventure,Exploration,Miniatures,Murder/Mystery,Puzzle,,,,Fantasy,Fighting,Horror,,2.646,8.34513,0.75758975,0.7292577,0.81588975,0.65077565,0.69242565,0.8290077,0.7600513,0,0,0,1,0,0,1,0,0,0.666,0,1,1,1,1,0,0,0,1
170216,15,Blood Rage,,,,,,0,,,Action Point Allowance System,Area Control / Area Influence,Area Movement,Card Drafting,Hand Management,Memory,Simultaneous Action Selection,,Miniatures,,,,,,,,Fantasy,Fighting,Mythology,,2.8963,8.17101,0.858855,0.930676,0.808955,0.835797,0.885897,0.830626,0.805244,0,0,0,1,1,0,0,0,0,0.666,1,0,0,0,0,0,0,0,1
83330,207,Mansions of Madness,,,,,,0,,,Area Movement,Dice Rolling,Hand Management,Modular Board,Partnerships,Pick-up and Deliver,Role Playing,Variable Player Powers,Adventure,Exploration,Miniatures,Murder/Mystery,Puzzle,,,,Fantasy,Fighting,Horror,,3.2398,7.39928,0.75761775,0.7792413,0.74931775,0.73406485,0.65916485,0.8293413,0.7601297,0,0,1,0,0,1,0,0,0,0.666,0,1,1,1,1,0,0,0,1
91872,385,Dungeons & Dragons: The Legend of Drizzt Board Game,,,,,,0,,,Co-operative Play,Dice Rolling,Grid Movement,Modular Board,Role Playing,,,,Adventure,Exploration,Miniatures,,,,,,Fantasy,Fighting,,,2.6345,7.34477,0.70865275,0.8503333,0.95845275,0.69211385,0.90871385,0.9500833,0.8841777,0,0,0,0,0,0,0,0,0,0,0,1,1,0,0,0,0,0,1
554,477,La Città,,,,,,0,,,Area Control / Area Influence,Card Drafting,Commodity Speculation,Modular Board,Tile Placement,,,,City Building,Civilization,Territory Building,,,,,,Renaissance,,,,3.2729,7.09857,0.93219,0.818878,0.86564,0.738666,0.905316,0.818728,0.777482,0,1,1,0,1,0,0,0,0,0.999,1,1,1,0,0,0,0,0,1
483,453,Diplomacy,,,,,,0,,,Area Control / Area Influence,Area Movement,Player Elimination,Simultaneous Action Selection,,,,,Bluffing,Negotiation,Wargame,,,,,,Political,Post-Napoleonic,,,3.3698,7.06755,0.49798425,0.7375811,0.49798425,0.56042795,0.37717795,0.6373811,0.6710059,0,0,0,0,0,0,0,0,0,0,0,1,1,0,0,0,0,0,1
205637,42,Arkham Horror: The Card Game,,,,,,0,,,Co-operative Play,Deck / Pool Building,Hand Management,Role Playing,Variable Player Powers,,,,Adventure,Card Game,Collectible Components,,,,,,Fantasy,Horror,,,3.0252,8.42524,0.87523825,0.9003859,0.89193825,0.94198355,0.87553355,0.8502859,0.8844171,0,1,1,0,0,0,0,0,0,0.666,0,1,1,0,0,0,0,0,1
132531,45,Roll for the Galaxy,,,,,,0,,,Deck / Pool Building,Dice Rolling,Simultaneous Action Selection,Variable Phase Order,Variable Player Powers,Worker Placement,,,Civilization,Dice,Economic,,,,,,Science Fiction,,,,2.7594,7.85525,0.652575,0.72329,0.552675,0.627005,0.393805,0.72329,0.65431,1,0,0,0,0,1,0,0,0,0.666,1,1,1,0,0,0,0,0,1
155821,282,Inis,,,,,,0,,,Area Control / Area Influence,Area Movement,Card Drafting,Deck / Pool Building,Hand Management,Memory,Tile Placement,,Card Game,,,,,,,,Ancient,Mythology,,,2.9831,7.83474,0.936752,0.9239524,0.803352,0.9112028,0.9113528,0.7240024,0.7729056,0,0,1,1,1,0,1,0,0,1,1,0,0,0,0,0,0,0,1
143693,180,Glass Road,,,,,,0,,,Card Drafting,Set Collection,Simultaneous Action Selection,Tile Placement,Variable Phase Order,,,,City Building,Economic,,,,,,,Medieval,,,,2.9681,7.49809,0.86586075,0.8891329,0.81596075,0.84560505,0.89570505,0.8390329,0.8248601,1,0,0,1,0,0,0,0,0,0.666,1,1,0,0,0,0,0,0,1
124708,160,Mice and Mystics,,,,,,0,,,Area Movement,Co-operative Play,Dice Rolling,Role Playing,Variable Player Powers,,,,Adventure,Dice,Exploration,Miniatures,,,,,Fantasy,Fighting,,,2.6257,7.48066,0.58697175,0.7742661,0.74517175,0.64501045,0.65336045,0.8240661,0.7484709,0,0,0,0,0,0,0,0,0,0,0,1,1,1,0,0,0,0,1
30380,356,Cuba,,,,,,0,,,Auction/Bidding,Hand Management,Variable Phase Order,Voting,,,,,Economic,,,,,,,,,,,,3.2735,7.17693,0.66324975,0.7159497,0.73819975,0.71849965,0.61029965,0.8156997,0.6789993,0,1,0,0,0,0,0,0,0,0.333,1,0,0,0,0,0,0,0,1
9440,427,Maharaja: The Game of Palace Building in India,,,,,,0,,,Area Control / Area Influence,Point to Point Movement,Route/Network Building,Simultaneous Action Selection,Variable Player Powers,,,,City Building,,,,,,,,,,,,3.2,7.17048,0.67490375,0.8298345,0.61665375,0.65156525,0.59331525,0.7297845,0.7615805,0,0,1,0,0,0,0,0,0,0.333,1,0,0,0,0,0,0,0,1
105551,246,Archipelago,,,,,,0,,,Area Control / Area Influence,Auction/Bidding,Commodity Speculation,Modular Board,Tile Placement,Trading,Worker Placement,,Civilization,Economic,Exploration,Negotiation,,,,,Nautical,Renaissance,,,3.7124,7.42463,0.828593,0.7142616,0.736793,0.7165302,0.6749302,0.8143116,0.6917104,0,0,1,0,1,1,1,0,0,1,1,1,1,1,0,0,0,0,1
10547,353,Betrayal at House on the Hill,,,,,,0,,,Co-operative Play,Dice Rolling,Modular Board,Partnerships,Player Elimination,Role Playing,Storytelling,Variable Player Powers,Adventure,Exploration,Miniatures,,,,,,Horror,,,,2.3577,7.14372,0.69839975,0.8879797,0.94839975,0.84425965,0.92775965,0.9380797,0.8555193,0,0,0,0,0,0,0,0,0,0,0,1,1,0,0,0,0,0,1
169786,6,Scythe,,,,,,0,,,Area Control / Area Influence,Grid Movement,Variable Player Powers,Worker Placement,,,,,Civilization,Economic,Exploration,Territory Building,,,,,Fighting,Science Fiction,,,3.3036,8.34953,0.3750325,0.479989,0.3167825,0.4517455,0.4934955,0.430039,0.628641,0,0,0,1,0,0,0,0,0,0.333,1,1,1,1,0,0,0,0,1
183394,38,Viticulture Essential Edition,,,,,,0,,,Hand Management,Variable Phase Order,Worker Placement,,,,,,Economic,,,,,,,,,,,,2.951,8.19812,0.44353825,0.3623959,0.36863825,0.43110355,0.47285355,0.4123459,0.5707071,1,0,1,0,0,0,0,0,0,0.666,1,0,0,0,0,0,0,0,1
84876,9,The Castles of Burgundy,,,,,,0,,,Dice Rolling,Set Collection,Tile Placement,Variable Phase Order,,,,,Dice,Territory Building,,,,,,,Medieval,,,,3.0419,8.11092,0.48501525,0.4920683,0.51836525,0.56572135,0.79907135,0.6419183,0.7149427,0,0,1,0,0,0,0,0,0,0.333,1,1,0,0,0,0,0,0,1
155068,69,Arcadia Quest,,,,,,0,,,Dice Rolling,Grid Movement,Modular Board,Variable Player Powers,,,,,Adventure,Miniatures,,,,,,,Fantasy,Fighting,,,2.555,8.01358,0.58561575,0.7726389,0.67721575,0.64311205,0.61816205,0.8224389,0.7280241,0,0,0,0,0,0,0,0,0,0,0,1,0,0,0,0,0,0,1
192458,341,51st State: Master Set,,,,,,0,,,Card Drafting,Hand Management,Variable Phase Order,,,,,,Card Game,City Building,Economic,,,,,,Science Fiction,,,,2.9804,7.93599,0.851482,0.8219284,0.801582,0.8254748,0.8422748,0.7218784,0.7679496,1,1,0,0,0,0,0,0,0,0.666,1,1,1,0,0,0,0,0,1
111799,468,Cuba Libre,,,,,,0,,,Area Control / Area Influence,Area Movement,Campaign / Battle Card Driven,Dice Rolling,Variable Player Powers,,,,Economic,Wargame,,,,,,,Modern Warfare,Political,,,3.4412,7.81067,0.578717,0.8144604,0.603717,0.7167038,0.6085038,0.7142604,0.7087076,0,0,0,0,0,0,0,0,0,0,1,1,0,0,0,0,0,0,1
127023,72,Kemet,,,,,,0,,,Action Point Allowance System,Area Control / Area Influence,Area Movement,Campaign / Battle Card Driven,Card Drafting,,,,Miniatures,,,,,,,,Ancient,Fighting,Mythology,,2.979,7.77458,0.7672005,0.9205906,0.7339505,0.8240307,0.8408307,0.6207406,0.7817114,0,0,0,0,1,0,0,0,0,0.333,1,0,0,0,0,0,0,0,1
172818,131,Above and Below,,,,,,0,,,Action Point Allowance System,Card Drafting,Deck / Pool Building,Dice Rolling,Set Collection,Storytelling,Trading,Worker Placement,Adventure,City Building,Economic,Exploration,Negotiation,,,,Fantasy,,,,2.5645,7.6942,0.92668875,0.8119765,0.79328875,0.89736425,0.89736425,0.8118265,0.7613785,0,1,1,0,0,0,1,1,0,1,0,1,1,1,1,0,0,0,1
119506,277,Freedom: The Underground Railroad,,,,,,0,,,Co-operative Play,Pick-up and Deliver,Point to Point Movement,Variable Player Powers,,,,,Economic,Educational,Puzzle,,,,,,American Civil War,Political,,,2.9167,7.6418,0.783904,0.8407348,0.817254,0.7641656,0.8642156,0.7406848,0.8451312,0,1,0,0,0,0,0,0,0,0.333,1,1,1,0,0,0,0,0,1
39463,87,Cosmic Encounter,,,,,,0,,,Hand Management,Partnerships,Take That,Variable Player Powers,,,,,Bluffing,Negotiation,,,,,,,Science Fiction,,,,2.5513,7.60787,0.6647605,0.7677126,0.6065105,0.8038647,0.6124147,0.7176126,0.7165294,1,0,0,0,0,0,0,0,0,0.333,0,1,0,0,0,0,0,0,1
79127,326,Star Trek: Fleet Captains,,,,,,0,,,Action Point Allowance System,Dice Rolling,Modular Board,Tile Placement,,,,,Miniatures,,,,,,,,Fighting,Movies / TV / Radio theme,Science Fiction,,3.0506,7.58081,0.6816755,0.6881106,0.6900255,0.5777957,0.6693957,0.7379106,0.7472414,0,0,0,1,0,0,0,0,0,0.333,1,0,0,0,0,0,0,0,1
209010,27,Mechs vs. Minions,,,,,,0,,,Action / Movement Programming,Card Drafting,Co-operative Play,Dice Rolling,Modular Board,Variable Player Powers,,,Miniatures,,,,,,,,Fantasy,Fighting,,,2.4598,8.41385,0.67409675,0.7289661,0.74904675,0.73368545,0.69208545,0.8287161,0.7593209,0,1,0,0,0,0,0,0,0,0.333,1,0,0,0,0,0,0,0,1
12891,386,Friedrich,,,,,,0,,,Hand Management,Point to Point Movement,Secret Unit Deployment,,,,,,Wargame,,,,,,,,Age of Reason,,,,3.1691,7.56538,0.7832255,0.8399206,0.8165755,0.8464657,0.8299657,0.7398706,0.8099314,1,0,0,0,0,0,0,0,0,0.333,1,0,0,0,0,0,0,0,1
54998,120,Cyclades,,,,,,0,,,Area Control / Area Influence,Area Movement,Auction/Bidding,Card Drafting,Dice Rolling,,,,City Building,Civilization,Miniatures,,,,,,Ancient,Fighting,Mythology,Nautical,2.8305,7.54185,0.6615565,0.7638678,0.6033065,0.7161291,0.6412291,0.7137678,0.6742582,0,0,0,1,0,0,0,0,0,0.333,1,1,1,0,0,0,0,0,1
12333,3,Twilight Struggle,,,,,,0,,,Area Control / Area Influence,Campaign / Battle Card Driven,Dice Rolling,Hand Management,Simultaneous Action Selection,,,,Wargame,,,,,,,,Modern Warfare,Political,,,3.528,8.35709,0.557955,0.709496,0.474705,0.611087,0.377887,0.609446,0.622474,0,0,0,1,0,0,0,0,0,0.333,1,0,0,0,0,0,0,0,1
177736,52,A Feast for Odin,,,,,,0,,,Area Enclosure,Dice Rolling,Pattern Building,Press Your Luck,Tile Placement,Worker Placement,,,Economic,Puzzle,,,,,,,Industry / Manufacturing,Medieval,,,3.8156,8.33925,0.84396425,0.8129071,0.86066425,0.73169995,0.89844995,0.9126571,0.7635499,0,0,0,0,1,1,0,0,0,0.666,1,1,0,0,0,0,0,0,1
175914,30,Food Chain Magnate,,,,,,0,,,Modular Board,Route/Network Building,Simultaneous Action Selection,,,,,,Economic,,,,,,,,Industry / Manufacturing,,,,4.1855,8.27859,0.7842975,0.841207,0.8176475,0.6814665,0.8314665,0.841057,0.862883,0,1,0,0,0,0,0,0,0,0.333,1,0,0,0,0,0,0,0,1
25417,205,BattleLore,,,,,,0,,,Campaign / Battle Card Driven,Dice Rolling,Grid Movement,Hand Management,Modular Board,Variable Player Powers,,,Miniatures,Wargame,,,,,,,Fantasy,Medieval,,,2.7616,7.40446,0.7835895,0.9402574,0.8169395,0.9302253,0.8637753,0.9401074,0.8609006,0,0,0,1,0,0,0,0,0,0.333,1,1,0,0,0,0,0,0,1
97786,231,Small World Underground,,,,,,0,,,Area Control / Area Influence,Area Movement,Dice Rolling,Variable Player Powers,,,,,Territory Building,,,,,,,,Fantasy,Fighting,,,2.6,7.37477,0.605006,0.8458572,0.630006,0.6702584,0.6453084,0.7458072,0.7656668,0,0,0,0,0,0,0,0,0,0,1,0,0,0,0,0,0,0,1
127398,251,Legends of Andor,,,,,,0,,,Area Movement,Co-operative Play,Dice Rolling,Variable Player Powers,,,,,Adventure,Puzzle,,,,,,,Fantasy,Fighting,,,2.758,7.33029,0.6016765,0.7919118,0.6932765,0.6655971,0.6739471,0.7418118,0.7729942,0,0,0,0,0,0,0,0,0,0,0,1,0,0,0,0,0,0,1
131646,493,Merchant of Venus (second edition),,,,,,0,,,Commodity Speculation,Dice Rolling,Pick-up and Deliver,Point to Point Movement,Roll / Spin and Move,,,,Economic,Exploration,,,,,,,Science Fiction,Transportation,,,3.0697,7.24412,0.75507675,0.6762921,0.68017675,0.56400745,0.68890745,0.7260921,0.7030149,1,0,1,0,0,0,0,0,0,0.666,1,1,0,0,0,0,0,0,1
240,461,Britannia,,,,,,0,,,Area Movement,Dice Rolling,Variable Player Powers,Voting,,,,,Civilization,Wargame,,,,,,,Medieval,,,,3.1739,7.22887,0.69019675,0.8781361,0.80679675,0.74952545,0.88287545,0.9279361,0.7992009,0,0,0,0,0,0,0,0,0,0,1,1,0,0,0,0,0,0,1
172386,62,Mombasa,,,,,,0,,,Action / Movement Programming,Area Control / Area Influence,Card Drafting,Deck / Pool Building,Hand Management,Simultaneous Action Selection,Stock Holding,Variable Player Powers,Economic,,,,,,,,,,,,3.8571,8.01376,0.8346615,0.8215938,0.6096615,0.8085261,0.6168261,0.7213938,0.7253522,0,0,1,1,1,0,1,0,0,1,1,0,0,0,0,0,0,0,1
172081,292,Burgle Bros.,,,,,,0,,,Action Point Allowance System,Co-operative Play,Dice Rolling,Grid Movement,Modular Board,Variable Player Powers,,,Exploration,,,,,,,,,,,,2.2936,7.66618,0.61034625,0.8023155,0.76854625,0.67773475,0.68608475,0.8521155,0.8139195,0,0,0,0,0,0,0,0,0,0,1,0,0,0,0,0,0,0,1
215,103,Tichu,,,,,,0,,,Betting/Wagering,Hand Management,Partnerships,Trick-taking,,,,,Card Game,,,,,,,,,,,,2.3511,7.6069,0.4689495,0.4727894,0.5022995,0.6264793,0.8765793,0.5227394,0.6866086,0,1,0,0,0,0,0,0,0,0.333,1,0,0,0,0,0,0,0,1
156129,204,Deception: Murder in Hong Kong,,,,,,0,,,Partnerships,Storytelling,,,,,,,Bluffing,Deduction,Murder/Mystery,Party Game,,,,,,,,,1.6481,7.58308,0.49814475,0.5877737,0.56474475,0.47740265,0.44400265,0.4377737,0.6881053,0,0,0,0,0,0,0,0,0,0,0,1,1,1,0,0,0,0,1
181304,124,Mysterium,,,,,,0,,,Co-operative Play,Hand Management,Pattern Recognition,,,,,,Deduction,Murder/Mystery,Party Game,,,,,,,,,,1.9408,7.53955,0.6671665,0.6706998,0.7421165,0.6407331,0.6490831,0.6205998,0.7232662,0,1,0,0,0,0,0,0,0,0.333,1,1,1,0,0,0,0,0,1
143519,338,Quantum,,,,,,0,,,Area Control / Area Influence,Dice Rolling,Grid Movement,Modular Board,Variable Player Powers,,,,Civilization,Dice,Territory Building,,,,,,Fighting,Science Fiction,,,2.4513,7.34326,0.39365325,0.5822339,0.51025325,0.55436455,0.75441455,0.7320839,0.7255291,0,0,0,0,0,0,0,0,0,0,1,1,1,0,0,0,0,0,1
22827,301,StarCraft: The Board Game,,,,,,0,,,Area Control / Area Influence,Area Movement,Deck / Pool Building,Modular Board,Variable Player Powers,,,,Civilization,Miniatures,Territory Building,Wargame,,,,,Fighting,Science Fiction,,,3.8205,7.33999,0.6783855,0.8341626,0.6867355,0.7396897,0.5981897,0.7339626,0.7546794,0,0,1,0,0,0,0,0,0,0.333,1,1,1,1,0,0,0,0,1
125618,252,Libertalia,,,,,,0,,,Hand Management,Set Collection,Simultaneous Action Selection,Variable Phase Order,,,,,Card Game,,,,,,,,Pirates,,,,2.23,7.27258,0.68476875,0.7917225,0.69311875,0.74862625,0.60712625,0.7416225,0.7559025,1,0,0,0,0,0,0,0,0,0.333,1,0,0,0,0,0,0,0,1
15363,288,Nexus Ops,,,,,,0,,,Area Control / Area Influence,Dice Rolling,Hand Management,Modular Board,,,,,Exploration,,,,,,,,Fighting,Science Fiction,,,2.2278,7.26042,0.66432575,0.7172409,0.67267575,0.63675605,0.61180605,0.7170909,0.6986621,0,0,1,0,0,0,0,0,0,0.333,1,0,0,0,0,0,0,0,1
34219,255,Biblios,,,,,,0,,,Auction/Bidding,Card Drafting,Hand Management,Memory,Press Your Luck,Set Collection,,,Card Game,Economic,,,,,,,Medieval,Religious,,,1.689,7.25013,0.8608645,0.7832374,0.8775645,0.9221103,0.9220103,0.9329374,0.8108706,0,1,1,0,0,0,0,0,0,0.666,1,1,0,0,0,0,0,0,1
98778,228,Hanabi,,,,,,0,,,Co-operative Play,Hand Management,Memory,Set Collection,,,,,Card Game,Deduction,Memory,,,,,,,,,,1.6953,7.21913,0.77749,0.783088,0.87744,0.838436,0.888536,0.732988,0.810522,0,1,0,0,0,0,0,0,0,0.333,1,1,1,0,0,0,0,0,1
160499,323,King of New York,,,,,,0,,,Area Movement,Card Drafting,Dice Rolling,Player Elimination,Press Your Luck,,,,Dice,,,,,,,,Fighting,Movies / TV / Radio theme,Science Fiction,,1.8402,7.19999,0.76623775,0.8694853,0.79958775,0.82268285,0.90608285,0.9192853,0.7790157,0,1,0,0,0,0,0,0,0,0.333,1,0,0,0,0,0,0,0,1
478,270,Citadels,,,,,,0,,,Card Drafting,Set Collection,Simultaneous Action Selection,Variable Phase Order,Variable Player Powers,,,,Bluffing,Card Game,City Building,,,,,,Fantasy,Medieval,,,2.0618,7.14868,0.76397175,0.9167161,0.79732175,0.90276045,0.83631045,0.9165661,0.7893209,1,0,0,0,0,0,0,0,0,0.333,0,1,1,0,0,0,0,0,1
42215,361,Tobago,,,,,,0,,,Grid Movement,Hand Management,Modular Board,Press Your Luck,,,,,Adventure,Exploration,,,,,,,,,,,2.1206,7.13226,0.46615425,0.4694351,0.56610425,0.53931595,0.73936595,0.6192851,0.6954319,0,1,0,0,0,0,0,0,0,0.333,0,1,0,0,0,0,0,0,1
243,163,Advanced Squad Leader,,,,,,0,,,Auction/Bidding,Dice Rolling,Hex-and-Counter,Modular Board,Press Your Luck,Secret Unit Deployment,Simulation,Time Track,Wargame,,,,,,,,,,,,4.6907,7.92579,0.69638125,0.8855575,0.94638125,0.92493375,0.92483375,0.9356575,0.8498175,0,0,0,0,0,0,0,0,0,0,1,0,0,0,0,0,0,0,1
178900,24,Codenames,,,,,,0,,,Memory,Partnerships,Pattern Recognition,Press Your Luck,,,,,Card Game,Deduction,Party Game,Word Game,,,,,,,,,1.3749,7.91937,0.58848875,0.6761865,0.81328875,0.56388425,0.68888425,0.8258865,0.7527185,0,0,0,0,0,0,0,0,0,0,1,1,1,1,0,0,0,0,1
198773,177,Codenames: Pictures,,,,,,0,,,Memory,Partnerships,Pattern Recognition,Press Your Luck,,,,,Deduction,Party Game,,,,,,,,,,,1.45,7.62829,0.5835815,0.6702978,0.8083815,0.5570141,0.6820141,0.8199978,0.7389782,0,0,0,0,0,0,0,0,0,0,1,1,0,0,0,0,0,0,1
70512,329,Luna,,,,,,0,,,Area Control / Area Influence,Modular Board,Point to Point Movement,Tile Placement,Worker Placement,,,,,,,,,,,,Fantasy,Religious,,,3.3205,7.41178,0.75831625,0.7301295,0.68341625,0.56854275,0.62684275,0.6300795,0.7287355,0,0,0,1,1,0,0,0,0,0.666,0,0,0,0,0,0,0,0,0
167791,16,Terraforming Mars,,,,,,0,,,Card Drafting,Hand Management,Tile Placement,Variable Player Powers,,,,,Economic,Territory Building,,,,,,,Environmental,Industry / Manufacturing,Science Fiction,,3.2618,8.36395,0.83101175,0.7174641,0.60626175,0.80351645,0.64536645,0.6174141,0.6991829,1,1,1,0,0,0,0,0,0,0.999,1,1,0,0,0,0,0,0,1
158889,439,Summoner Wars: Alliances Master Set,,,,,,0,,,Dice Rolling,Grid Movement,Hand Management,Variable Player Powers,,,,,Card Game,,,,,,,,Fantasy,Fighting,,,2.697,8.34611,0.67183725,0.7762047,0.61358725,0.73052215,0.62232215,0.7261047,0.7196943,0,0,1,0,0,0,0,0,0,0.333,1,0,0,0,0,0,0,0,1
155873,145,Power Grid Deluxe: Europe/North America,,,,,,0,,,Auction/Bidding,Route/Network Building,,,,,,,Economic,,,,,,,,Industry / Manufacturing,,,,3.2245,8.15482,0.65886375,0.6607365,0.60061375,0.62910925,0.57085925,0.6106365,0.6833685,0,1,0,0,0,0,0,0,0,0.333,1,0,0,0,0,0,0,0,1
139976,227,Cthulhu Wars,,,,,,0,,,Action Point Allowance System,Area Movement,Dice Rolling,Variable Player Powers,,,,,Miniatures,,,,,,,,Fantasy,Fighting,Horror,,3.1111,8.0419,0.58047825,0.7664739,0.60547825,0.63591955,0.61096955,0.7163739,0.6969891,0,0,0,0,0,0,0,0,0,0,1,0,0,0,0,0,0,0,1
176734,472,The Manhattan Project: Energy Empire,,,,,,0,,,Dice Rolling,Worker Placement,,,,,,,Civilization,Dice,Economic,,,,,,Environmental,Industry / Manufacturing,,,3.1667,8.02616,0.66112875,0.6634545,0.60287875,0.54903025,0.60733025,0.6133545,0.6730605,0,1,0,0,0,0,0,0,0,0.333,1,1,1,0,0,0,0,0,1
163745,159,Star Wars: Armada,,,,,,0,,,Action / Movement Programming,Dice Rolling,Variable Player Powers,,,,,,Collectible Components,Miniatures,Wargame,,,,,,Movies / TV / Radio theme,Science Fiction,,,3.092,8.0168,0.59832975,0.7379457,0.62332975,0.66091165,0.63596165,0.7377957,0.7469733,0,0,0,0,0,0,0,0,0,0,1,1,1,0,0,0,0,0,1
171623,35,The Voyages of Marco Polo,,,,,,0,,,Card Drafting,Dice Rolling,Point to Point Movement,Set Collection,Variable Player Powers,Worker Placement,,,Dice,Economic,,,,,,,Medieval,Travel,,,3.1784,7.99902,0.5632185,0.4860122,0.4467185,0.7251559,0.7920059,0.6358622,0.7174618,1,0,0,0,0,1,0,0,0,0.666,1,1,0,0,0,0,0,0,1
124361,34,Concordia,,,,,,0,,,Card Drafting,Deck / Pool Building,Hand Management,Point to Point Movement,,,,,Economic,,,,,,,,Ancient,Nautical,,,3.1457,7.97443,0.8315645,0.7181274,0.6068145,0.8042903,0.6128403,0.5181774,0.6840806,1,1,1,0,0,0,0,0,0,0.999,1,0,0,0,0,0,0,0,1
2651,18,Power Grid,,,,,,0,,,Auction/Bidding,Route/Network Building,,,,,,,Economic,,,,,,,,Industry / Manufacturing,,,,3.2875,7.9483,0.65900075,0.6609009,0.60075075,0.62930105,0.57105105,0.6108009,0.6837521,0,1,0,0,0,0,0,0,0,0.333,1,0,0,0,0,0,0,0,1
110327,47,Lords of Waterdeep,,,,,,0,,,Set Collection,Take That,Worker Placement,,,,,,City Building,,,,,,,,Fantasy,,,,2.5055,7.79741,0.67717075,0.7326549,0.61892075,0.73798905,0.59648905,0.6326049,0.7179781,0,0,1,0,0,0,0,0,0,0.333,1,0,0,0,0,0,0,0,1
182874,148,Grand Austria Hotel,,,,,,0,,,Dice Rolling,Set Collection,,,,,,,Economic,,,,,,,,,,,,3.228,7.7696,0.69493525,0.7839223,0.74493525,0.75615935,0.85620935,0.7338223,0.7958187,0,0,0,0,0,0,0,0,0,0,1,0,0,0,0,0,0,0,1
187645,5,Star Wars: Rebellion,,,,,,0,,,Area Control / Area Influence,Area Movement,Dice Rolling,Hand Management,,,,,Wargame,,,,,,,,Movies / TV / Radio theme,Science Fiction,,,3.56,8.55971,0.6813915,0.7876698,0.6231415,0.6606481,0.6356981,0.6376698,0.7297962,0,0,0,1,0,0,0,0,0,0.333,1,0,0,0,0,0,0,0,1
34635,70,Stone Age,,,,,,0,,,Dice Rolling,Set Collection,Worker Placement,,,,,,Dice,,,,,,,,,,,,2.5051,7.63323,0.6748245,0.6798894,0.6165745,0.6514543,0.6265043,0.6297894,0.7114086,0,0,1,0,0,0,0,0,0,0.333,1,0,0,0,0,0,0,0,1
93260,110,Summoner Wars: Master Set,,,,,,0,,,Dice Rolling,Grid Movement,Hand Management,Variable Player Powers,,,,,Card Game,,,,,,,,Fantasy,Fighting,,,2.5152,7.62353,0.6689915,0.7727898,0.6107415,0.7265381,0.6183381,0.7226898,0.7117262,0,0,1,0,0,0,0,0,0,0.333,1,0,0,0,0,0,0,0,1
555,94,The Princes of Florence,,,,,,0,,,Auction/Bidding,Tile Placement,,,,,,,City Building,,,,,,,,Renaissance,,,,3.2526,7.59665,0.65971975,0.6617637,0.60146975,0.63030765,0.60535765,0.6116637,0.6691153,0,1,0,0,0,0,0,0,0,0.333,1,0,0,0,0,0,0,0,1
66589,135,Navegador,,,,,,0,,,Area Movement,,,,,,,,Economic,Exploration,,,,,,,Nautical,Renaissance,,,3.0907,7.58618,0.58300875,0.7195605,0.60800875,0.55621225,0.58121225,0.5196105,0.6874245,0,0,0,0,0,0,0,0,0,0,1,1,0,0,0,0,0,0,1
63628,168,The Manhattan Project,,,,,,0,,,Card Drafting,Worker Placement,,,,,,,Economic,Negotiation,,,,,,,Aviation / Flight,Fighting,Industry / Manufacturing,,2.9676,7.49267,0.74513425,0.6643611,0.60363425,0.63333795,0.60838795,0.5143611,0.6751759,1,1,0,0,0,0,0,0,0,0.666,1,1,0,0,0,0,0,0,1
108745,133,Seasons,,,,,,0,,,Card Drafting,Dice Rolling,Hand Management,Take That,,,,,Card Game,Dice,,,,,,,Fantasy,,,,2.7641,7.47008,0.4486955,0.3685846,0.3071955,0.8048237,0.6466737,0.7184346,0.6851474,1,0,1,0,0,0,0,0,0,0.666,1,1,0,0,0,0,0,0,1
120677,4,Terra Mystica,,,,,,0,,,Route/Network Building,Variable Phase Order,Variable Player Powers,,,,,,Civilization,Economic,Territory Building,,,,,,Fantasy,,,,3.9374,8.29344,0.664894,0.7678728,0.673244,0.6375516,0.5793016,0.7177728,0.7169032,1,0,0,0,0,0,0,0,0,0.333,1,1,1,0,0,0,0,0,1
39683,208,At the Gates of Loyang,,,,,,0,,,Card Drafting,Set Collection,,,,,,,Economic,,,,,,,,,,,,3.1454,7.38689,0.788203,0.7959436,0.754953,0.8534342,0.8702342,0.6459436,0.8238684,1,0,0,0,0,0,0,0,0,0.333,1,0,0,0,0,0,0,0,1
103886,337,Star Wars: The Card Game,,,,,,0,,,Hand Management,Variable Player Powers,,,,,,,Card Game,Collectible Components,,,,,,,Movies / TV / Radio theme,Science Fiction,,,2.9357,7.37786,0.679823,0.7358376,0.621573,0.7417022,0.6002022,0.6357876,0.7420544,1,0,0,0,0,0,0,0,0,0.333,1,1,0,0,0,0,0,0,1
5,182,Acquire,,,,,,0,,,Hand Management,Stock Holding,Tile Placement,,,,,,Economic,,,,,,,,,,,,2.5103,7.35802,0.960381,0.8027572,0.760631,0.7781334,0.8781834,0.6527572,0.8397668,1,1,1,0,0,0,0,0,0,0.999,1,0,0,0,0,0,0,0,1
24480,199,The Pillars of the Earth,,,,,,0,,,Worker Placement,,,,,,,,Economic,,,,,,,,Medieval,Religious,,,2.8363,7.31951,0.66049325,0.6626919,0.60224325,0.54814055,0.57314055,0.5126919,0.6712811,1,0,0,0,0,0,0,0,0,0.333,1,0,0,0,0,0,0,0,1
43528,393,World Without End,,,,,,0,,,Hand Management,,,,,,,,Economic,,,,,,,,Medieval,Religious,,,2.8185,7.2976,0.37511,0.330232,0.31686,0.451854,0.593604,0.330232,0.612208,1,0,0,0,0,0,0,0,0,0.333,1,0,0,0,0,0,0,0,1
31730,325,Chicago Express,,,,,,0,,,Auction/Bidding,Route/Network Building,Stock Holding,,,,,,Economic,,,,,,,,Post-Napoleonic,Trains,Transportation,,2.7972,7.23537,0.84975725,0.7699087,0.73325725,0.73981015,0.80656015,0.7198087,0.7797703,0,1,1,0,0,0,0,0,0,0.666,1,0,0,0,0,0,0,0,1
125153,76,The Gallerist,,,,,,0,,,Commodity Speculation,Set Collection,Worker Placement,,,,,,Economic,,,,,,,,,,,,4.2626,8.06706,0.7471495,0.6667794,0.6722495,0.6361593,0.6112093,0.6166794,0.6808186,1,0,1,0,0,0,0,0,0,0.666,1,0,0,0,0,0,0,0,1
31260,11,Agricola,,,,,,0,,,Card Drafting,Hand Management,Variable Phase Order,Variable Player Powers,Worker Placement,,,,Economic,,,,,,,,Animals,,,,3.631,8.06075,0.9456185,0.8849422,0.8124685,0.9239659,0.8575159,0.8348422,0.8150818,1,1,0,0,1,0,0,0,0,0.999,1,0,0,0,0,0,0,0,1
53953,457,Thunderstone,,,,,,0,,,Card Drafting,Deck / Pool Building,Hand Management,,,,,,Card Game,,,,,,,,Fantasy,Fighting,,,2.5041,7.01082,0.63606875,0.4735325,0.43631875,0.91059625,0.84414625,0.6235825,0.7716925,1,1,1,0,0,0,0,0,0,0.999,1,0,0,0,0,0,0,0,1
19777,196,Indonesia,,,,,,0,,,Area Control / Area Influence,Auction/Bidding,Pick-up and Deliver,Stock Holding,,,,,Economic,,,,,,,,Industry / Manufacturing,Transportation,,,3.9943,7.75683,0.8561545,0.8275354,0.7396545,0.7487663,0.8155163,0.7274854,0.7810326,0,0,1,1,0,0,0,0,0,0.666,1,0,0,0,0,0,0,0,1
54138,141,Imperial 2030,,,,,,0,,,Area Control / Area Influence,Area Movement,Stock Holding,,,,,,Economic,,,,,,,,Fighting,Nautical,Political,,3.5017,7.74115,0.77316625,0.8777995,0.73991625,0.66588275,0.81588275,0.6278995,0.7817655,0,0,1,0,0,0,0,0,0,0.333,1,0,0,0,0,0,0,0,1
160495,381,ZhanGuo,,,,,,0,,,Area Control / Area Influence,Hand Management,,,,,,,Card Game,,,,,,,,Ancient,,,,3.7636,7.68317,0.36192525,0.3643603,0.30367525,0.43339535,0.47514535,0.3144103,0.5752907,0,1,0,0,0,0,0,0,0,0.333,1,0,0,0,0,0,0,0,1
139898,430,Brew Crafters,,,,,,0,,,Partnerships,Worker Placement,,,,,,,Economic,,,,,,,,Industry / Manufacturing,,,,3.5652,7.67265,0.774295,0.779254,0.741045,0.667463,0.850763,0.629254,0.801576,0,1,0,0,0,0,0,0,0,0.333,1,0,0,0,0,0,0,0,1
166669,281,San Juan (second edition),,,,,,0,,,Hand Management,Set Collection,Variable Phase Order,,,,,,Card Game,City Building,Economic,,,,,,,,,,2.1111,7.66791,0.56148375,0.6138305,0.54483375,0.61602725,0.34952725,0.5137805,0.5990545,1,0,0,0,0,0,0,0,0,0.333,1,1,1,0,0,0,0,0,1
95527,295,Madeira,,,,,,0,,,Area Control / Area Influence,Dice Rolling,Worker Placement,,,,,,Dice,Economic,,,,,,,Nautical,,,,4.2383,7.66615,0.67494775,0.7299873,0.61669775,0.56837685,0.62667685,0.6299373,0.7117537,0,0,1,0,0,0,0,0,0,0.333,1,1,0,0,0,0,0,0,1
144592,244,Bruxelles 1893,,,,,,0,,,Auction/Bidding,Card Drafting,Modular Board,Worker Placement,,,,,Economic,,,,,,,,,,,,3.5855,7.64471,0.85602025,0.7774243,0.80612025,0.83182835,0.84862835,0.8272243,0.7973067,0,1,0,1,0,0,0,0,0,0.666,1,0,0,0,0,0,0,0,1
147020,80,Star Realms,,,,,,0,,,Card Drafting,Deck / Pool Building,Player Elimination,Take That,,,,,Card Game,,,,,,,,Fighting,Science Fiction,,,1.9736,7.64359,0.76512125,0.8381955,0.62362125,0.82806975,0.63636975,0.7381455,0.7311395,1,1,0,0,0,0,0,0,0,0.666,1,0,0,0,0,0,0,0,1
24181,114,Imperial,,,,,,0,,,Area Control / Area Influence,Area Movement,Stock Holding,,,,,,Economic,,,,,,,,Fighting,Nautical,Political,,3.5764,7.63387,0.77383825,0.8786059,0.74058825,0.66682355,0.81682355,0.6287059,0.7836471,0,0,1,0,0,0,0,0,0,0.333,1,0,0,0,0,0,0,0,1
36932,146,Claustrophobia,,,,,,0,,,Dice Rolling,Modular Board,Variable Player Powers,,,,,,Adventure,Miniatures,,,,,,,Horror,Fantasy,Fighting,,2.4867,7.61442,0.5901725,0.728157,0.6817725,0.6494915,0.6245415,0.827907,0.740783,0,0,0,0,0,0,0,0,0,0,0,1,0,0,0,0,0,0,1
42052,237,Vinhos,,,,,,0,,,Area Control / Area Influence,Worker Placement,,,,,,,Economic,,,,,,,,Industry / Manufacturing,,,,4.1946,7.54307,0.36509475,0.3681637,0.30684475,0.35458265,0.47958265,0.3182137,0.5841653,0,1,0,0,0,0,0,0,0,0.333,1,0,0,0,0,0,0,0,1
71,178,Civilization,,,,,,0,,,Area Control / Area Influence,Area Movement,Hand Management,Set Collection,Trading,,,,Civilization,Economic,Negotiation,,,,,,Ancient,,,,3.6667,7.52513,0.766844,0.7903128,0.625344,0.8302316,0.6387816,0.6403128,0.7359632,0,0,1,0,1,0,0,0,0,0.666,1,1,1,0,0,0,0,0,1
160018,499,Smash Up: Monster Smash,,,,,,0,,,Area Control / Area Influence,Hand Management,Take That,Variable Player Powers,,,,,Card Game,Humor,,,,,,,Fantasy,Mythology,Science Fiction,,2.3056,7.47887,0.6880365,0.8455938,0.6297865,0.8364511,0.6117011,0.7455438,0.7650522,0,1,0,0,0,0,0,0,0,0.333,1,1,0,0,0,0,0,0,1
141572,280,Paperback,,,,,,0,,,Card Drafting,Co-operative Play,Deck / Pool Building,,,,,,Card Game,Print & Play,Word Game,,,,,,,,,,2.006,7.40309,0.74394875,0.7128885,0.66904875,0.71492825,0.64002825,0.5129385,0.6885065,1,0,1,0,0,0,0,0,0,0.666,1,1,1,0,0,0,0,0,1
163967,261,Tiny Epic Galaxies,,,,,,0,,,Area Control / Area Influence,Dice Rolling,Variable Player Powers,,,,,,Dice,,,,,,,,Science Fiction,,,,2.1389,7.38646,0.48302575,0.6695309,0.48302575,0.53948605,0.38953605,0.6194309,0.6291221,0,0,0,0,0,0,0,0,0,0,1,0,0,0,0,0,0,0,1
157969,183,Sheriff of Nottingham,,,,,,0,,,Card Drafting,Hand Management,Role Playing,Set Collection,,,,,Bluffing,Card Game,Humor,Negotiation,Party Game,,,,Medieval,,,,1.6812,7.35916,0.44771325,0.3174559,0.37281325,0.60344855,0.51199855,0.4173559,0.5990471,1,1,0,0,0,0,0,0,0,0.666,0,1,1,1,1,0,0,0,1
156336,469,Onirim (second edition),,,,,,0,,,Card Drafting,Co-operative Play,Hand Management,Set Collection,,,,,Card Game,Exploration,,,,,,,Fantasy,,,,1.6421,7.35666,0.746158,0.6655896,0.671258,0.8012712,0.6431212,0.5155896,0.6946924,1,0,1,0,0,0,0,0,0,0.666,1,1,0,0,0,0,0,0,1
20437,332,Lords of Vegas,,,,,,0,,,Area Control / Area Influence,Dice Rolling,Tile Placement,Trading,,,,,City Building,Economic,,,,,,,,,,,2.3422,7.32035,0.8417705,0.8102746,0.7252705,0.7286287,0.8952787,0.8101246,0.7407574,0,0,1,1,0,0,0,0,0,0.666,1,1,0,0,0,0,0,0,1
180974,497,Potion Explosion,,,,,,0,,,Pattern Recognition,Set Collection,Take That,,,,,,Puzzle,,,,,,,,Fantasy,,,,1.7179,7.24303,0.5771865,0.7125738,0.6687865,0.7145611,0.6063611,0.7124238,0.6877722,0,0,0,0,0,0,0,0,0,0,1,0,0,0,0,0,0,0,1
24508,375,Taluva,,,,,,0,,,Modular Board,Tile Placement,,,,,,,City Building,Territory Building,,,,,,,,,,,2.2785,7.18632,0.66547275,0.6686673,0.67382275,0.55511185,0.61341185,0.6185673,0.7018737,0,1,0,0,0,0,0,0,0,0.333,1,1,0,0,0,0,0,0,1
168435,463,Between Two Cities,,,,,,0,,,Card Drafting,Partnerships,Set Collection,Tile Placement,,,,,City Building,Negotiation,,,,,,,,,,,1.8036,7.12859,0.86176675,0.7843201,0.74526675,0.83987345,0.92327345,0.6343201,0.8133969,1,0,0,1,0,0,0,0,0,0.666,1,1,0,0,0,0,0,0,1
28023,377,Jamaica,,,,,,0,,,Dice Rolling,Hand Management,Simultaneous Action Selection,,,,,,Racing,,,,,,,,Nautical,Pirates,Transportation,,1.6437,7.09795,0.76792225,0.8215567,0.73467225,0.74179115,0.84184115,0.8214067,0.7837323,0,1,0,0,0,0,0,0,0,0.333,1,0,0,0,0,0,0,0,1
7717,449,Carcassonne: The Castle,,,,,,0,,,Area Control / Area Influence,Area Enclosure,Tile Placement,,,,,,City Building,,,,,,,,Medieval,,,,1.9842,7.08746,0.69217725,0.8006127,0.63392725,0.59249815,0.65079815,0.5507127,0.7599963,0,0,1,0,0,0,0,0,0,0.333,1,0,0,0,0,0,0,0,1
8051,491,Attika,,,,,,0,,,Modular Board,Route/Network Building,Tile Placement,,,,,,City Building,Territory Building,,,,,,,Ancient,,,,2.3759,7.03003,0.869273,0.7933276,0.819373,0.6838822,0.8671822,0.7432276,0.8510644,0,1,1,0,0,0,0,0,0,0.666,1,1,0,0,0,0,0,0,1
161417,484,Red7,,,,,,0,,,Hand Management,Player Elimination,Set Collection,,,,,,Card Game,Number,,,,,,,,,,,1.6604,7.02455,0.46924375,0.4731425,0.43599375,0.71014125,0.81039125,0.5230925,0.6707825,1,0,0,0,0,0,0,0,0,0.333,1,1,0,0,0,0,0,0,1
155426,61,Castles of Mad King Ludwig,,,,,,0,,,Card Drafting,Pattern Building,Set Collection,Tile Placement,,,,,,,,,,,,,Post-Napoleonic,,,,2.6568,7.74613,0.77498125,0.7001775,0.70008125,0.84162375,0.71677375,0.6500775,0.7587475,1,0,0,1,0,0,0,0,0,0.666,0,0,0,0,0,0,0,0,0
27708,137,1960: The Making of the President,,,,,,0,,,Area Control / Area Influence,Campaign / Battle Card Driven,Hand Management,,,,,,,,,,,,,,Political,,,,3.1986,7.56477,0.78752525,0.8950303,0.75427525,0.85248535,0.83598535,0.6451303,0.8386207,0,0,1,0,0,0,0,0,0,0.333,0,0,0,0,0,0,0,0,0
137408,241,Amerigo,,,,,,0,,,Action Point Allowance System,Grid Movement,Modular Board,Tile Placement,,,,,,,,,,,,,Nautical,Renaissance,,,3,7.5025,0.76267325,0.8152579,0.79602325,0.65119255,0.83449255,0.7152079,0.7690351,0,0,0,1,0,0,0,0,0,0.333,0,0,0,0,0,0,0,0,0
3,147,Samurai,,,,,,0,,,Area Control / Area Influence,Hand Management,Set Collection,Tile Placement,,,,,Abstract Strategy,,,,,,,,Medieval,,,,2.5089,7.43975,0.46794375,0.3916825,0.32644375,0.74852125,0.64032125,0.5417325,0.7390425,0,1,0,1,0,0,0,0,0,0.666,0,0,0,0,0,0,0,0,0
162007,380,Steampunk Rally,,,,,,0,,,Card Drafting,Dice Rolling,Modular Board,Simultaneous Action Selection,Variable Player Powers,,,,Racing,,,,,,,,Science Fiction,,,,2.5,7.443,0.6758245,0.7809894,0.6841745,0.7361043,0.6612043,0.8310894,0.7641586,1,0,0,0,0,0,0,0,0,0.333,1,0,0,0,0,0,0,0,1
201808,187,Clank!: A Deck-Building Adventure,,,,,,0,,,Deck / Pool Building,Player Elimination,Point to Point Movement,Press Your Luck,,,,,Adventure,,,,,,,,Fantasy,,,,2.325,8.05775,0.6749045,0.7798854,0.6832545,0.7348163,0.6266163,0.7297854,0.7282826,1,0,0,0,0,0,0,0,0,0.333,0,0,0,0,0,0,0,0,0
131357,316,Coup,,,,,,0,,,Memory,Player Elimination,Take That,Variable Player Powers,,,,,Bluffing,Card Game,Deduction,Party Game,,,,,Political,,,,1.4454,7.12935,0.58125325,0.8173539,0.67285325,0.80350455,0.61205455,0.8175039,0.6991591,0,0,0,0,0,0,0,0,0,0,0,1,1,1,0,0,0,0,1
155362,412,Ca$h 'n Guns (Second Edition),,,,,,0,,,Player Elimination,Simultaneous Action Selection,Take That,Variable Player Powers,,,,,Bluffing,Humor,Negotiation,Party Game,,,,,Fighting,,,,1.2958,7.10242,0.6891345,0.9269614,0.7391345,0.9145383,0.8147883,0.9269614,0.8128766,0,0,0,0,0,0,0,0,0,0,0,1,1,1,0,0,0,0,1
62219,43,Dominant Species,,,,,,0,,,Area Control / Area Influence,Card Drafting,Grid Movement,Modular Board,Tile Placement,Variable Player Powers,Worker Placement,,,,,,,,,,Animals,Environmental,,,4.0285,7.86841,0.74045725,0.7286987,0.55730725,0.63349015,0.43359015,0.6286487,0.6672803,0,1,0,0,1,0,1,0,0,0.999,0,0,0,0,0,0,0,0,0
176920,166,Mission: Red Planet (Second Edition),,,,,,0,,,Area Control / Area Influence,Hand Management,Simultaneous Action Selection,,,,,,,,,,,,,,Science Fiction,,,,2.2308,7.6713,0.66832725,0.7719927,0.61007725,0.64235815,0.58410815,0.6219927,0.7098663,0,1,0,0,0,0,0,0,0,0.333,0,0,0,0,0,0,0,0,0
34119,262,Tales of the Arabian Nights,,,,,,0,,,Dice Rolling,Point to Point Movement,Role Playing,Storytelling,Variable Player Powers,,,,Adventure,,,,,,,,Fantasy,,,,2.1729,7.28782,0.58412775,0.7209033,0.74232775,0.64102885,0.64937885,0.8206533,0.7405077,0,0,0,0,0,0,0,0,0,0,0,0,0,0,0,0,0,0,0
158899,253,Colt Express,,,,,,0,,,Action / Movement Programming,Hand Management,Memory,Modular Board,Take That,Variable Player Powers,,,,,,,,,,,American West,Fighting,Trains,,1.8085,7.24853,0.66674975,0.7700997,0.74169975,0.80664965,0.61519965,0.8201997,0.7220993,0,1,0,0,0,0,0,0,0,0.333,0,0,0,0,0,0,0,0,0
9674,287,Ingenious,,,,,,0,,,Hand Management,Partnerships,Pattern Building,Tile Placement,,,,,Abstract Strategy,,,,,,,,,,,,1.9282,7.17628,0.85381675,0.7747801,0.80391675,0.82874345,0.91214345,0.7246801,0.7911369,1,0,0,1,0,0,0,0,0,0.666,0,0,0,0,0,0,0,0,0
173346,7,7 Wonders Duel,,,,,,0,,,Card Drafting,Set Collection,,,,,,,Card Game,City Building,Civilization,,,,,,Ancient,,,,2.2496,8.20024,0.76686925,0.7703431,0.73361925,0.82356695,0.84036695,0.6203431,0.7641339,1,0,0,0,0,0,0,0,0,0.333,1,1,1,0,0,0,0,0,1
102794,8,Caverna: The Cave Farmers,,,,,,0,,,Tile Placement,Worker Placement,,,,,,,Economic,,,,,,,,Animals,Fantasy,,,3.7892,8.19146,0.77346475,0.6983577,0.63196475,0.58975065,0.64805065,0.5483577,0.7545013,1,1,0,0,0,0,0,0,0,0.666,1,0,0,0,0,0,0,0,1
126163,29,Tzolk'in: The Mayan Calendar,,,,,,0,,,Set Collection,Worker Placement,,,,,,,Civilization,Economic,,,,,,,Ancient,Mythology,,,3.6121,7.94485,0.37007925,0.3241951,0.31182925,0.44481095,0.48656095,0.3241951,0.5981219,0,1,0,0,0,0,0,0,0,0.333,1,1,0,0,0,0,0,0,1
17392,129,Here I Stand,,,,,,0,,,Campaign / Battle Card Driven,Dice Rolling,Hand Management,Point to Point Movement,Variable Player Powers,,,,Negotiation,Wargame,,,,,,,Political,Religious,Renaissance,,4.1294,7.93702,0.69724275,0.8066913,0.63899275,0.84933985,0.65788985,0.7565913,0.8074797,0,0,1,0,0,0,0,0,0,0.333,1,1,0,0,0,0,0,0,1
35677,25,Le Havre,,,,,,0,,,Worker Placement,,,,,,,,City Building,Economic,,,,,,,Industry / Manufacturing,Nautical,,,3.7597,7.93319,0.76413425,0.7670611,0.73088425,0.65323795,0.80323795,0.6170611,0.7564759,1,0,0,0,0,0,0,0,0,0.333,1,1,0,0,0,0,0,0,1
198994,478,Hero Realms,,,,,,0,,,Card Drafting,Deck / Pool Building,Hand Management,,,,,,Card Game,,,,,,,,Fantasy,Fighting,,,1.8824,7.92566,0.94058075,0.8289469,0.74083075,0.91691305,0.85046305,0.6289969,0.7843261,1,1,1,0,0,0,0,0,0,0.999,1,0,0,0,0,0,0,0,1
18602,36,Caylus,,,,,,0,,,Worker Placement,,,,,,,,City Building,Economic,,,,,,,Medieval,,,,3.8218,7.86292,0.7683615,0.7721338,0.7351115,0.6591561,0.8091561,0.6221338,0.7683122,1,0,0,0,0,0,0,0,0,0.333,1,1,0,0,0,0,0,0,1
421,139,1830: Railways & Robber Barons,,,,,,0,,,Auction/Bidding,Route/Network Building,Stock Holding,Tile Placement,,,,,Economic,,,,,,,,Trains,Transportation,,,4.1529,7.80542,0.95837825,0.8003539,0.75862825,0.77532955,0.87537955,0.7502539,0.8508091,0,1,1,1,0,0,0,0,0,0.999,1,0,0,0,0,0,0,0,1
36218,55,Dominion,,,,,,0,,,Card Drafting,Deck / Pool Building,Hand Management,,,,,,Card Game,,,,,,,,Medieval,,,,2.3761,7.70298,0.6350445,0.4723034,0.4352945,0.7091623,0.7427123,0.4223534,0.6688246,1,1,1,0,0,0,0,0,0,0.999,1,0,0,0,0,0,0,0,1
172287,226,Champions of Midgard,,,,,,0,,,Dice Rolling,Set Collection,Worker Placement,,,,,,Adventure,Dice,,,,,,,Fantasy,Fighting,Medieval,,2.4909,7.6846,0.76761925,0.7712431,0.73436925,0.74136695,0.84141695,0.7211431,0.7662339,0,0,1,0,0,0,0,0,0,0.333,0,1,0,0,0,0,0,0,1
161614,307,Stockpile,,,,,,0,,,Auction/Bidding,Stock Holding,,,,,,,Economic,,,,,,,,,,,,2.0874,7.66298,0.675365,0.680538,0.617115,0.652211,0.593961,0.630438,0.712922,0,1,0,0,0,0,0,0,0,0.333,1,0,0,0,0,0,0,0,1
97207,115,Dungeon Petz,,,,,,0,,,Auction/Bidding,Hand Management,Worker Placement,,,,,,Humor,,,,,,,,Animals,Fantasy,,,3.5348,7.59156,0.87559875,0.8009185,0.75909875,0.85923825,0.84273825,0.7508185,0.8354765,0,1,1,0,0,0,0,0,0,0.666,1,0,0,0,0,0,0,0,1
54043,100,Jaipur,,,,,,0,,,Card Drafting,Hand Management,Set Collection,,,,,,Card Game,,,,,,,,Animals,,,,1.54,7.54349,0.773836,0.6988032,0.632336,0.8400204,0.6485704,0.5488032,0.7555408,1,1,0,0,0,0,0,0,0,0.666,1,0,0,0,0,0,0,0,1
108906,459,Thunder Alley,,,,,,0,,,Hand Management,,,,,,,,Racing,,,,,,,,,,,,2.369,7.42966,0.57714675,0.5826761,0.49389675,0.55470545,0.37145545,0.4326761,0.6429109,1,0,0,0,0,0,0,0,0,0.333,1,0,0,0,0,0,0,0,1
90419,250,Airlines Europe,,,,,,0,,,Card Drafting,Route/Network Building,Set Collection,Stock Holding,,,,,Economic,,,,,,,,Aviation / Flight,,,,2.4418,7.37512,0.9367665,0.7744198,0.7370165,0.8283231,0.8451231,0.6244198,0.7902962,1,1,0,1,0,0,0,0,0,0.999,1,0,0,0,0,0,0,0,1
140934,367,Arboretum,,,,,,0,,,Hand Management,Set Collection,Tile Placement,,,,,,Card Game,,,,,,,,,,,,2.1469,7.36511,0.845762,0.7651144,0.729262,0.8174668,0.8342668,0.6151144,0.7519336,1,0,1,0,0,0,0,0,0,0.666,1,0,0,0,0,0,0,0,1
372,388,Schotten Totten,,,,,,0,,,Hand Management,Set Collection,,,,,,,Card Game,Deduction,,,,,,,,,,,1.7273,7.28891,0.5608105,0.5630726,0.4775605,0.6150847,0.3485847,0.4130726,0.5971694,1,0,0,0,0,0,0,0,0,0.333,1,1,0,0,0,0,0,0,1
121408,310,Trains,,,,,,0,,,Deck / Pool Building,Hand Management,Route/Network Building,,,,,,Card Game,Territory Building,,,,,,,Trains,,,,2.4006,7.26576,0.63041325,0.4667459,0.43066325,0.61942855,0.70292855,0.4167959,0.6725071,1,1,1,0,0,0,0,0,0,0.999,1,1,0,0,0,0,0,0,1
43570,278,Friday,,,,,,0,,,Deck / Pool Building,Hand Management,,,,,,,Card Game,,,,,,,,Fighting,Pirates,,,2.1135,7.25047,0.86692,0.840454,0.75042,0.847088,0.830588,0.640504,0.811176,1,1,0,0,0,0,0,0,0,0.666,1,0,0,0,0,0,0,0,1
164928,31,Orléans,,,,,,0,,,Deck / Pool Building,Point to Point Movement,,,,,,,,,,,,,,,Medieval,Religious,Travel,,3.1067,8.07061,0.66146475,0.7138077,0.60321475,0.63275065,0.57450065,0.5138577,0.6740013,1,0,0,0,0,0,0,0,0,0.333,0,0,0,0,0,0,0,0,0
47,343,Chinatown,,,,,,0,,,Set Collection,Tile Placement,Trading,,,,,,City Building,Economic,Negotiation,,,,,,,,,,2.2975,7.22598,0.847603,0.7673236,0.731103,0.8200442,0.8701442,0.7172236,0.7570884,0,1,1,0,0,0,0,0,0,0.666,1,1,1,0,0,0,0,0,1
50,273,Lost Cities,,,,,,0,,,Hand Management,Set Collection,,,,,,,Card Game,Exploration,,,,,,,,,,,1.5167,7.14537,0.67677875,0.6822345,0.61852875,0.73744025,0.59594025,0.5322345,0.7168805,1,0,0,0,0,0,0,0,0,0.333,1,1,0,0,0,0,0,0,1
153938,350,Camel Up,,,,,,0,,,Betting/Wagering,Dice Rolling,Roll / Spin and Move,,,,,,Dice,Racing,,,,,,,Animals,,,,1.5009,7.11515,0.68854625,0.7762555,0.73854625,0.66396475,0.88056475,0.7261555,0.7779295,0,0,0,0,0,0,0,0,0,0,1,1,0,0,0,0,0,0,1
21763,364,Mr. Jack,,,,,,0,,,Grid Movement,Variable Player Powers,,,,,,,Deduction,Murder/Mystery,,,,,,,,,,,2.1912,7.08973,0.583979,0.7706748,0.608979,0.6408206,0.5825706,0.6206748,0.7067912,0,0,0,0,0,0,0,0,0,0,1,1,0,0,0,0,0,0,1
12002,426,Jambo,,,,,,0,,,Action Point Allowance System,Hand Management,Set Collection,,,,,,Card Game,Economic,,,,,,,,,,,2.0722,7.05879,0.7676965,0.7713358,0.7344465,0.8247251,0.8082251,0.6213358,0.7664502,0,1,0,0,0,0,0,0,0,0.333,1,1,0,0,0,0,0,0,1
170042,423,Raiders of the North Sea,,,,,,0,,,Hand Management,Set Collection,Worker Placement,,,,,,,,,,,,,,Medieval,Nautical,,,2.5833,7.86874,0.5540625,0.425075,0.4375625,0.6290875,0.7125875,0.425075,0.675175,1,0,1,0,0,0,0,0,0,0.666,0,0,0,0,0,0,0,0,0
192291,189,Sushi Go Party!,,,,,,0,,,Card Drafting,Hand Management,Set Collection,Simultaneous Action Selection,,,,,Card Game,,,,,,,,,,,,1.2619,7.75587,0.750878,0.7212036,0.609378,0.8078792,0.6164292,0.6211536,0.7079084,1,1,0,0,0,0,0,0,0,0.666,1,0,0,0,0,0,0,0,1
25292,165,Merchants & Marauders,,,,,,0,,,Action Point Allowance System,Area Movement,Dice Rolling,Pick-up and Deliver,Variable Player Powers,,,,Adventure,,,,,,,,Nautical,Pirates,Transportation,,3.2083,7.45275,0.67137825,0.7756539,0.61312825,0.64662955,0.62167955,0.7255539,0.7184091,0,0,0,1,0,0,0,0,0,0.333,0,0,0,0,0,0,0,0,0
2346,315,DVONN,,,,,,0,,,Grid Movement,,,,,,,,Abstract Strategy,,,,,,,,,,,,2.6905,7.42798,0.7038705,0.8445946,0.7538705,0.6854187,0.8354187,0.6446446,0.8208374,0,0,0,0,0,0,0,0,0,0,0,0,0,0,0,0,0,0,0
129622,167,Love Letter,,,,,,0,,,Hand Management,Player Elimination,,,,,,,Card Game,Deduction,,,,,,,Renaissance,,,,1.2083,7.32103,0.67532925,0.7304451,0.61707925,0.73541095,0.59391095,0.6303951,0.7128219,1,0,0,0,0,0,0,0,0,0.333,1,1,0,0,0,0,0,0,1
143515,441,Coal Baron,,,,,,0,,,Action Point Allowance System,Pick-up and Deliver,Set Collection,Tile Placement,Worker Placement,,,,,,,,,,,,Industry / Manufacturing,Transportation,,,2.5622,7.31617,0.839327,0.6774924,0.614577,0.6486578,0.6237078,0.5274924,0.7058156,0,1,0,1,1,0,0,0,0,0.999,0,0,0,0,0,0,0,0,0
528,421,ZÈRTZ,,,,,,0,,,Grid Movement,Set Collection,,,,,,,Abstract Strategy,,,,,,,,,,,,2.7179,7.30457,0.28774075,0.3752389,0.31274075,0.44608705,0.48783705,0.3252889,0.6006741,0,0,0,0,0,0,0,0,0,0,0,0,0,0,0,0,0,0,0
145659,500,Scoville,,,,,,0,,,Auction/Bidding,Grid Movement,Set Collection,,,,,,,,,,,,,,,,,,2.803,7.22653,0.29671025,0.3860023,0.32171025,0.54189435,0.50039435,0.4359523,0.6257887,0,0,0,0,0,0,0,0,0,0,0,0,0,0,0,0,0,0,0
92415,482,Skull,,,,,,0,,,Auction/Bidding,Hand Management,Player Elimination,,,,,,Bluffing,Card Game,,,,,,,,,,,1.1736,7.06216,0.362657,0.3652384,0.304407,0.6009198,0.5761698,0.5150884,0.5773396,0,1,0,0,0,0,0,0,0,0.333,0,1,0,0,0,0,0,0,1
20100,456,Wits & Wagers,,,,,,0,,,Betting/Wagering,Paper-and-Pencil,,,,,,,Party Game,Trivia,,,,,,,,,,,1.2239,6.9882,0.295495,0.334594,0.387095,0.373693,0.498693,0.334594,0.639036,0,0,0,0,0,0,0,0,0,0,1,1,0,0,0,0,0,0,1
12,121,Ra,,,,,,0,,,Auction/Bidding,Press Your Luck,Set Collection,,,,,,,,,,,,,,Ancient,Mythology,,,2.3565,7.47317,0.38911925,0.4269431,0.50571925,0.63126695,0.74806695,0.6267431,0.6961839,0,0,0,0,0,0,0,0,0,0,0,0,0,0,0,0,0,0,0
45986,440,Stronghold,,,,,,0,,,Action Point Allowance System,Area Control / Area Influence,Point to Point Movement,Variable Player Powers,,,,,,,,,,,,,Fantasy,Fighting,Medieval,,3.678,7.27379,0.589789,0.7776468,0.614789,0.6489546,0.5907046,0.6276468,0.7230592,0,0,0,0,0,0,0,0,0,0,0,0,0,0,0,0,0,0,0
123540,409,Tokaido,,,,,,0,,,Point to Point Movement,Set Collection,Time Track,Variable Player Powers,,,,,,,,,,,,,Travel,,,,1.7708,7.08153,0.38261425,0.4690871,0.49921425,0.62215995,0.83895995,0.6189371,0.6779699,0,0,0,0,0,0,0,0,0,0,0,0,0,0,0,0,0,0,0
102680,58,Trajan,,,,,,0,,,Area Movement,Card Drafting,Hand Management,Set Collection,,,,,,,,,,,,,Ancient,Political,,,3.6718,7.8198,0.643054,0.6118148,0.476554,0.6969256,0.3804756,0.4118648,0.5943512,0,1,1,0,0,0,0,0,0,0.666,0,0,0,0,0,0,0,0,0
188,102,Go,,,,,,0,,,Area Enclosure,,,,,,,,Abstract Strategy,,,,,,,,,,,,3.972,7.6744,0.6987075,0.838399,0.7487075,0.6781905,0.8281905,0.638449,0.806381,0,0,0,0,0,0,0,0,0,0,0,0,0,0,0,0,0,0,0
119890,136,Agricola: All Creatures Big and Small,,,,,,0,,,Area Enclosure,Tile Placement,Worker Placement,,,,,,,,,,,,,,Animals,,,,2.351,7.50963,0.85395225,0.8248927,0.73745225,0.66243315,0.84573315,0.6249427,0.7748663,0,1,1,0,0,0,0,0,0,0.666,0,0,0,0,0,0,0,0,0
46,407,Medici,,,,,,0,,,Auction/Bidding,Set Collection,,,,,,,,,,,,,,,Renaissance,,,,2.2839,7.14701,0.5903605,0.6784326,0.6153605,0.7330047,0.5915047,0.6283326,0.7080094,0,0,0,0,0,0,0,0,0,0,0,0,0,0,0,0,0,0,0
